{"_runtime":0,"_wandb":{"runtime":0},"accuracy":0.9,"loss":0.010000000000000009,"_timestamp":1.7664459831550887e+09,"_step":9}