{"_step":9,"_wandb":{"runtime":0},"_runtime":0,"accuracy":0.09999999999999998,"loss":0.010000000000000009,"_timestamp":1.7664455883321946e+09}